activity_date,total_marketing_spend_usd,affiliate_revenue_usd,stockout_rate,event_name,driver_plan_method
2026-08-21,1312.56,1777.08,0.0180,none,52_week_pattern_with_recent_pacing
2026-08-22,1227.28,1638.16,0.0180,none,52_week_pattern_with_recent_pacing
2026-08-23,1253.82,1866.79,0.0180,none,52_week_pattern_with_recent_pacing
2026-08-24,1274.91,1746.26,0.0180,none,52_week_pattern_with_recent_pacing
2026-08-25,1330.44,1716.95,0.0180,none,52_week_pattern_with_recent_pacing
2026-08-26,1317.83,1738.24,0.0180,none,52_week_pattern_with_recent_pacing
2026-08-27,1283.11,1889.19,0.0180,none,52_week_pattern_with_recent_pacing
2026-08-28,1336.99,1750.14,0.0180,none,52_week_pattern_with_recent_pacing
2026-08-29,1282.63,1674.50,0.0180,none,52_week_pattern_with_recent_pacing
2026-08-30,1315.40,1773.24,0.0180,none,52_week_pattern_with_recent_pacing
2026-08-31,1298.34,1853.31,0.0180,none,52_week_pattern_with_recent_pacing
2026-09-01,1311.83,1876.30,0.0180,none,52_week_pattern_with_recent_pacing
2026-09-02,1284.31,1790.93,0.0180,none,52_week_pattern_with_recent_pacing
2026-09-03,1298.10,1647.28,0.0180,none,52_week_pattern_with_recent_pacing
2026-09-04,1291.22,1960.72,0.0180,none,52_week_pattern_with_recent_pacing
2026-09-05,1314.36,1783.22,0.0180,none,52_week_pattern_with_recent_pacing
2026-09-06,1339.11,1968.49,0.0180,none,52_week_pattern_with_recent_pacing
2026-09-07,1309.00,1865.93,0.0180,none,52_week_pattern_with_recent_pacing
2026-09-08,1323.09,2097.71,0.0180,none,52_week_pattern_with_recent_pacing
2026-09-09,1343.84,1879.05,0.0180,none,52_week_pattern_with_recent_pacing
2026-09-10,1349.61,1788.07,0.0180,none,52_week_pattern_with_recent_pacing
2026-09-11,1314.14,1971.59,0.0180,none,52_week_pattern_with_recent_pacing
2026-09-12,1364.73,1977.53,0.0180,none,52_week_pattern_with_recent_pacing
2026-09-13,1571.59,2146.86,0.0360,none,52_week_pattern_with_recent_pacing
2026-09-14,1579.39,2278.22,0.0360,monthly_promotion,52_week_pattern_with_recent_pacing
2026-09-15,1518.43,2168.57,0.0360,monthly_promotion,52_week_pattern_with_recent_pacing
2026-09-16,1405.39,1958.36,0.0180,monthly_promotion,52_week_pattern_with_recent_pacing
2026-09-17,1426.78,1859.64,0.0180,none,52_week_pattern_with_recent_pacing
2026-09-18,1364.67,1885.68,0.0180,none,52_week_pattern_with_recent_pacing
2026-09-19,1382.87,2046.15,0.0180,none,52_week_pattern_with_recent_pacing
2026-09-20,1351.23,1954.82,0.0180,none,52_week_pattern_with_recent_pacing
2026-09-21,1387.02,2113.83,0.0180,none,52_week_pattern_with_recent_pacing
2026-09-22,1422.42,2076.69,0.0180,none,52_week_pattern_with_recent_pacing
2026-09-23,1394.48,1840.86,0.0180,none,52_week_pattern_with_recent_pacing
2026-09-24,1380.27,2067.25,0.0180,none,52_week_pattern_with_recent_pacing
2026-09-25,1429.58,1982.78,0.0180,none,52_week_pattern_with_recent_pacing
2026-09-26,1521.18,1866.34,0.0180,none,52_week_pattern_with_recent_pacing
2026-09-27,1384.52,1885.99,0.0180,none,52_week_pattern_with_recent_pacing
2026-09-28,1454.34,1894.94,0.0180,none,52_week_pattern_with_recent_pacing
2026-09-29,1454.27,2249.54,0.0180,none,52_week_pattern_with_recent_pacing
2026-09-30,1475.17,2001.13,0.0180,none,52_week_pattern_with_recent_pacing
2026-10-01,1418.15,2035.09,0.0180,none,52_week_pattern_with_recent_pacing
2026-10-02,1434.42,1942.78,0.0180,none,52_week_pattern_with_recent_pacing
2026-10-03,1421.91,2132.82,0.0180,none,52_week_pattern_with_recent_pacing
2026-10-04,1451.72,1945.33,0.0180,none,52_week_pattern_with_recent_pacing
2026-10-05,1479.33,2122.39,0.0180,none,52_week_pattern_with_recent_pacing
2026-10-06,1496.13,1941.94,0.0180,none,52_week_pattern_with_recent_pacing
2026-10-07,1540.80,2211.95,0.0180,none,52_week_pattern_with_recent_pacing
2026-10-08,1495.42,2165.14,0.0180,none,52_week_pattern_with_recent_pacing
2026-10-09,1479.18,1976.65,0.0180,none,52_week_pattern_with_recent_pacing
2026-10-10,1443.49,1947.09,0.0180,none,52_week_pattern_with_recent_pacing
2026-10-11,1509.06,2218.87,0.0180,none,52_week_pattern_with_recent_pacing
2026-10-12,1490.50,1827.70,0.0180,none,52_week_pattern_with_recent_pacing
2026-10-13,1704.10,2310.78,0.0360,none,52_week_pattern_with_recent_pacing
2026-10-14,1619.96,2382.27,0.0360,monthly_promotion,52_week_pattern_with_recent_pacing
2026-10-15,1751.39,2401.88,0.0360,monthly_promotion,52_week_pattern_with_recent_pacing
2026-10-16,1455.78,2134.25,0.0180,monthly_promotion,52_week_pattern_with_recent_pacing
2026-10-17,1492.06,1963.53,0.0180,none,52_week_pattern_with_recent_pacing
2026-10-18,1537.91,2211.87,0.0180,none,52_week_pattern_with_recent_pacing
2026-10-19,1469.83,1984.87,0.0180,none,52_week_pattern_with_recent_pacing
2026-10-20,1417.68,2184.65,0.0180,none,52_week_pattern_with_recent_pacing
2026-10-21,1486.54,1921.73,0.0180,none,52_week_pattern_with_recent_pacing
2026-10-22,1549.28,2085.90,0.0180,none,52_week_pattern_with_recent_pacing
2026-10-23,1526.14,2012.14,0.0180,none,52_week_pattern_with_recent_pacing
2026-10-24,1447.69,2085.39,0.0180,none,52_week_pattern_with_recent_pacing
2026-10-25,1564.26,2160.99,0.0180,none,52_week_pattern_with_recent_pacing
2026-10-26,1462.36,1981.17,0.0180,none,52_week_pattern_with_recent_pacing
2026-10-27,1530.93,2204.56,0.0180,none,52_week_pattern_with_recent_pacing
2026-10-28,1523.04,1977.96,0.0180,none,52_week_pattern_with_recent_pacing
2026-10-29,1511.47,2205.34,0.0180,none,52_week_pattern_with_recent_pacing
2026-10-30,1581.40,2043.10,0.0180,none,52_week_pattern_with_recent_pacing
2026-10-31,1511.14,2052.11,0.0180,none,52_week_pattern_with_recent_pacing
2026-11-01,1531.09,2091.71,0.0180,none,52_week_pattern_with_recent_pacing
2026-11-02,1515.20,2145.67,0.0180,none,52_week_pattern_with_recent_pacing
2026-11-03,1483.17,1994.84,0.0180,none,52_week_pattern_with_recent_pacing
2026-11-04,1474.26,2068.34,0.0180,none,52_week_pattern_with_recent_pacing
2026-11-05,1541.74,2272.07,0.0180,none,52_week_pattern_with_recent_pacing
2026-11-06,1434.88,2117.17,0.0180,none,52_week_pattern_with_recent_pacing
2026-11-07,1604.42,2220.83,0.0180,none,52_week_pattern_with_recent_pacing
2026-11-08,1571.53,2043.24,0.0180,none,52_week_pattern_with_recent_pacing
2026-11-09,1545.00,2091.78,0.0180,none,52_week_pattern_with_recent_pacing
2026-11-10,1555.21,2347.36,0.0180,none,52_week_pattern_with_recent_pacing
2026-11-11,1508.02,2016.05,0.0180,none,52_week_pattern_with_recent_pacing
2026-11-12,1554.30,2276.57,0.0180,none,52_week_pattern_with_recent_pacing
2026-11-13,1775.18,2434.08,0.0360,none,52_week_pattern_with_recent_pacing
2026-11-14,1765.65,2485.22,0.0360,monthly_promotion,52_week_pattern_with_recent_pacing
2026-11-15,1806.17,2547.21,0.0360,monthly_promotion,52_week_pattern_with_recent_pacing
2026-11-16,1556.65,2146.35,0.0180,monthly_promotion,52_week_pattern_with_recent_pacing
2026-11-17,1481.76,2116.82,0.0180,none,52_week_pattern_with_recent_pacing
2026-11-18,1589.23,2323.28,0.0180,none,52_week_pattern_with_recent_pacing
2026-11-19,2227.83,2821.86,0.0730,none,52_week_pattern_with_recent_pacing
